{
	"texture": "menu/main/buttons.png",
	"buttons": [
		{
        "name": "multiplayer",
			"pos_x": 0.011458333333333333,
			"pos_y": 0.7953703703703704,
			"width": 0.22083333333333333,
			"height": 0.05277777777777778
		},
		{
        "name": "singleplayer",
			"pos_x": 0.011458333333333333,
			"pos_y": 0.7296296296296296,
			"width": 0.22135416666666666,
			"height": 0.053703703703703705
		},
		{
        "name": "options",
			"pos_x": 0.011458333333333333,
			"pos_y": 0.862037037037037,
			"width": 0.22135416666666666,
			"height": 0.053703703703703705
		},
		{
        "name": "quit",
			"pos_x": 0.011458333333333333,
			"pos_y": 0.9287037037037037,
			"width": 0.22135416666666666,
			"height": 0.053703703703703705
		}
	]
}
