{
	"baseColour" : 11003613,
	"generationChances" : 
	[
		0.38886327971185708,
		0.60257320734792064,
		0.54845567115044946,
		0.58527629165224559
	],
	"generationColours" : 
	[
		5688469,
		12786967,
		5337771,
		13717316
	],
	"generationNoise" : 
	[
		0.16803492079863089,
		0.42931720118472216,
		0.22619479510290305,
		0.59530194013160742
	],
	"generationZValues" : 
	[
		411755,
		906917,
		694329,
		591927
	],
	"numColours" : 4,
	"radius" : 22
}
