{
	"texture": "menu/login/buttons.png",
	"buttons": [
		{
			"name": "username",
			"pos_x": 0.011458333333333333,
			"pos_y": 0.8093703703703704,
			"width": 0.22135416666666666,
			"height": 0.053703703703703705
		},
		{
			"name": "password",
			"pos_x": 0.011458333333333333,
			"pos_y": 0.880037037037037,
			"width": 0.22135416666666666,
			"height": 0.053703703703703705
		},
		{
			"name": "login",
			"pos_x": 0.011458333333333333,
			"pos_y": 0.9287037037037037,
			"width": 0.22135416666666666,
			"height": 0.053703703703703705
		}
	]
}
